rank,uri,artist_names,track_name,source,peak_rank,previous_rank,weeks_on_chart,streams
1,"spotify:track:7tI8dRuH2Yc6RuoTjxo4dU","Jimin","Who","BIGHIT MUSIC",1,1,55,"1037913"
2,"spotify:track:1CPZ5BxNNd0n0nF4Orb9JS","HUNTR/X, EJAE, AUDREY NUNA, REI AMI, KPop Demon Hunters Cast","Golden","K-Pop Demon Hunters",1,2,7,"716866"
3,"spotify:track:5H1sKFMzDeMtXwND3V6hRY","BLACKPINK","JUMP","YG Entertainment",3,3,4,"464575"
4,"spotify:track:27xkOIER6uDLKALIelHylZ","Jin","Don’t Say You Love Me","BIGHIT MUSIC",2,5,12,"453136"
5,"spotify:track:02sy7FAs8dkDNYsHp4Ul3f","Saja Boys, Andrew Choi, Neckwav, Danny Chung, KEVIN WOO, samUIL Lee, KPop Demon Hunters Cast","Soda Pop","K-Pop Demon Hunters",4,4,7,"422694"
6,"spotify:track:40UVUuyy5RfpO0awclCttA","ALLDAY PROJECT","FAMOUS","THEBLACKLABEL",3,6,6,"414369"
7,"spotify:track:02BcXEH1zJYbXSabPtNlKf","Don Toliver, Doja Cat, F1 The Album","Lose My Mind (feat. Doja Cat) [From F1® The Movie]","Atlantic Records",7,9,6,"344704"
8,"spotify:track:1I37Zz2g3hk9eWxaNkj031","Saja Boys, Andrew Choi, Neckwav, Danny Chung, KEVIN WOO, samUIL Lee, KPop Demon Hunters Cast","Your Idol","K-Pop Demon Hunters",6,7,7,"332350"
9,"spotify:track:2HRgqmZQC0MC7GeNuDIXHN","Jung Kook, Latto","Seven (feat. Latto) (Explicit Ver.)","BIGHIT MUSIC",1,13,108,"305217"
10,"spotify:track:45zLrK0668WQ5JFMyiYmCS","Jimin","Interlude : Showtime","BIGHIT MUSIC",9,10,55,"282915"
11,"spotify:track:2NOMOpss7BmEXTL9f1koqn","ALLDAY PROJECT","WICKED","THEBLACKLABEL",5,11,7,"279943"
12,"spotify:track:3RXUgPNIbUgFxsDWuBQEt6","HUNTR/X, EJAE, AUDREY NUNA, REI AMI, KPop Demon Hunters Cast","How It’s Done","K-Pop Demon Hunters",8,8,7,"261159"
13,"spotify:track:1ic3Thr0mG0IsBE98pPcQ2","aespa","Dirty Work","aespa",4,15,6,"233852"
14,"spotify:track:5EoV2HmAlkqN1XvsIjOBZZ","Hearts2Hearts","STYLE","SM Entertainment",10,17,7,"227417"
15,"spotify:track:4p0uVFAXKUISu8yp9gNtWE","ILLIT","Billyeoon Goyangi (Do the Dance)","BELIFT LAB",6,14,8,"227115"
16,"spotify:track:3LWVXp636uLT356Rj08Jaz","Jimin","Be Mine","BIGHIT MUSIC",2,16,55,"218758"
17,"spotify:track:7G7mSV4BebkoHWwKTDvXu9","V, Park Hyo Shin","Winter Ahead (with PARK HYO SHIN)","BIGHIT MUSIC",3,12,36,"207761"
18,"spotify:track:7JQH2lBMZ10ztDnpoeq6Ki","데이먼스 이어 Damons year","yours","WM Korea",8,37,149,"186784"
19,"spotify:track:3Ua0m0YmEjrMi9XErKcNiR","Jimin","Like Crazy","BIGHIT MUSIC",1,20,124,"186020"
20,"spotify:track:5sBDrrtLGbV64QJnEqfjer","HUNTR/X, EJAE, AUDREY NUNA, REI AMI, KPop Demon Hunters Cast","What It Sounds Like","K-Pop Demon Hunters",18,19,6,"179907"
21,"spotify:track:5BZsQlgw21vDOAjoqkNgKb","Justin Bieber","DAISIES","JRC Entertainment, LLC / ILH Production Co. LLC / Def Jam Recordings",17,22,4,"178148"
22,"spotify:track:5DxDLsW6PsLz5gkwC7Mk5S","Rumi, Jinu, EJAE, Andrew Choi, KPop Demon Hunters Cast","Free","K-Pop Demon Hunters",17,21,6,"172859"
23,"spotify:track:1agDCV4zQqaFwJQNsTgmL1","Jimin, Loco","Smeraldo Garden Marching Band (feat. Loco)","BIGHIT MUSIC",2,25,58,"172735"
24,"spotify:track:7Cnpb1vBbC46RgVyyKLH7p","aespa","Whiplash","aespa",3,23,42,"170307"
25,"spotify:track:7gMfVc4zfNIxuMyMGglOHa","Jimin","Rebirth (Intro)","BIGHIT MUSIC",4,26,55,"167294"
26,"spotify:track:0MHStU0muAIEMbwdnebYu2","HUNTR/X, EJAE, AUDREY NUNA, REI AMI, KPop Demon Hunters Cast","Takedown","K-Pop Demon Hunters",16,18,6,"167199"
27,"spotify:track:6qafqn8bBMy7t5c5WqpyRk","Jimin","Closer Than This","BIGHIT MUSIC",2,28,85,"161834"
28,"spotify:track:01qFKNWq73UfEslI0GvumE","Jung Kook, Jack Harlow","3D (feat. Jack Harlow)","BIGHIT MUSIC",2,27,97,"159543"
29,"spotify:track:3d2bsbugow8JiNvuaRupFH","Jimin, Sofia Carson","Slow Dance (feat. Sofia Carson)","BIGHIT MUSIC",6,32,55,"155546"
30,"spotify:track:4xeugB5MqWh0jwvXZPxahq","WOODZ","Drowning","EDAM Entertainment",9,24,44,"151602"
31,"spotify:track:6Wobsw9uZ0D0xkfOjxXSq9","ROSÉ, F1 The Album","Messy (From F1® The Movie)","Atlantic Records",20,31,11,"146964"
32,"spotify:track:7kjVCymE7vn0HizmGCGFWQ","Lim Young Woong","Heavenly Ever After","Mulgogi Music / ADA",9,36,17,"145617"
33,"spotify:track:2GMKQPMXdOGXsQkDYBN6wF","MAKTUB","시작의 아이 ハジマリのコ (Starting With You)","WM Korea",14,29,11,"144405"
34,"spotify:track:2KslE17cAJNHTsI2MI0jb2","Jung Kook","Standing Next to You","BIGHIT MUSIC",4,35,91,"139918"
35,"spotify:track:50zAEIE4B1QqhPjRMK2Xmh","Jin","Running Wild","BIGHIT MUSIC",3,34,38,"137644"
36,"spotify:track:68UrZQUuO3O6eUiD226xHg","Hearts2Hearts","The Chase","SM Entertainment",8,30,24,"136430"
37,"spotify:track:4H6s1mTZcjHAMU36ZF3Xoz","Jin","Nothing Without Your Love","BIGHIT MUSIC",12,33,12,"133574"
38,"spotify:track:06o2o3TpyR8eGU2ANK21Lp","LEE CHANHYUK","Endangered Love","YG Entertainment",38,88,2,"125941"
39,"spotify:track:4WUpMUjdoi47LY7gBQBXe3","Lim Young Woong","Grain of Sand","물고기뮤직",8,46,114,"120014"
40,"spotify:track:2JhbSmNAyM9kYiqwa8Tpla","aespa","Supernova","SM Entertainment",1,40,65,"117156"
41,"spotify:track:24Y63uAvj6Oc9jGuTlhlgf","LE SSERAFIM","HOT","SOURCE MUSIC",2,44,21,"113364"
42,"spotify:track:4WrkJNGb4zUwARc0FD3iNf","Jin, YENA","Loser (feat. YENA)","BIGHIT MUSIC",18,43,12,"112714"
43,"spotify:track:7t4Z19BqZ23ExgdiOP0nf6","fromis_9","LIKE YOU BETTER","ASND ENTERTAINMENT CO., LTD",18,38,6,"112420"
44,"spotify:track:0wrppxeWurW1uRnxI6Ut9v","MEOVV","HANDS UP","The Black Label",4,42,15,"111685"
45,"spotify:track:2yWlGEgEfPot0lv3OAjuG3","Tate McRae, F1 The Album","Just Keep Watching (From F1® The Movie)","Atlantic Records",41,41,6,"109540"
46,"spotify:track:3vnaEaDxMKdBhqA1t0uAwl","Lim Young Woong","Warmth","Mulgogi Music",12,55,66,"108799"
47,"spotify:track:1z5ebC9238uGoBgzYyvGpQ","ROSÉ","toxic till the end","Atlantic Records",2,49,35,"107937"
48,"spotify:track:19GxfaRs5KdurzPKLVX3Cq","TWICE","TAKEDOWN (JEONGYEON, JIHYO, CHAEYOUNG) (from the Netflix film KPop Demon Hunters)","Republic Records - TWICE",32,39,6,"107336"
49,"spotify:track:7so0lgd0zP2Sbgs2d7a1SZ","Lady Gaga, Bruno Mars","Die With A Smile","Interscope Records",6,54,51,"107280"
50,"spotify:track:5566hAPt0WmMPr9Xn749L7","Jin","Rope It","BIGHIT MUSIC",21,45,12,"107084"
51,"spotify:track:2PlsVMcOn6ujc2UEYs2Yat","Lim Young Woong","Home","Mulgogi Music",13,59,66,"106338"
52,"spotify:track:6auT8cRBu3BgPRBrdVBY15","Lim Young Woong","London Boy","물고기뮤직",6,60,142,"106023"
53,"spotify:track:5doooVlMVRZztQbySqARMI","G-DRAGON, TAEYANG, DAESUNG","HOME SWEET HOME (feat. TAEYANG & DAESUNG)","Galaxy Corporation / EMPIRE",2,47,37,"104768"
54,"spotify:track:5RdKO1lsHG9jhbG03LL7cv","Jin","With the Clouds","BIGHIT MUSIC",21,50,12,"102851"
55,"spotify:track:21ewxM3YvcdTj7cC0XwznO","Lim Young Woong","Do or Die","Mulgogi Music",6,68,96,"102441"
56,"spotify:track:2NtidJuimmXzUsExfMYcvk","BOYNEXTDOOR","IF I SAY, I LOVE YOU","KOZ Entertainment",6,48,31,"101401"
57,"spotify:track:1aKvZDoLGkNMxoRYgkckZG","ILLIT","Magnetic","BELIFT LAB",1,53,72,"100748"
58,"spotify:track:3f7rVNaBNocDLtPmnds9eE","Jin","To Me, Today","BIGHIT MUSIC",27,51,12,"99318"
59,"spotify:track:0dS2u2UFd88TIzDDaZDLvS","d4vd","Here With Me","Darkroom/Interscope Records",35,72,134,"97635"
60,"spotify:track:0iIcuwia47B5bzjVpyUwyI","Ed Sheeran, F1 The Album","Drive (From F1® The Movie)","Atlantic Records",60,77,5,"97373"
61,"spotify:track:1xOqGUkyxGQRdCvGpvWKmL","KATSEYE","Gabriela","HYBE/Geffen",29,67,7,"96349"
62,"spotify:track:5FxasBmho2yEvgXrzp9MMW","G-DRAGON","무제(無題) (Untitled, 2014)","YG Entertainment",22,73,43,"95526"
63,"spotify:track:1qmcc6IRvBdhmqhLhSaJoo","Jin","Background","BIGHIT MUSIC",25,58,12,"94903"
64,"spotify:track:3r8RuvgbX9s7ammBn07D3W","NewJeans","Ditto","ADOR",1,52,138,"94371"
65,"spotify:track:6oNLSQX8bcAdbCElZYju3v","fromis_9","Supersonic","PLEDIS Entertainment",12,64,52,"94155"
66,"spotify:track:4wJ5Qq0jBN4ajy7ouZIV1c","ROSÉ, Bruno Mars","APT.","Atlantic Records",2,63,42,"93770"
67,"spotify:track:7wLJ4xzxNss5abZ1kXs242","Car, the garden","Closely Far Away","니즈뮤직",38,80,47,"93481"
68,"spotify:track:20QI1DhCFz7pN8rATkNguv","10CM","To Reach You","CAM",11,61,18,"93448"
69,"spotify:track:1k68vKHNQXU5CHqcM7Yp7N","DAY6","HAPPY","Republic Records - DAY6",5,65,52,"93286"
70,"spotify:track:0a4MMyCrzT0En247IhqZbD","NewJeans","Hype Boy","ADOR",1,56,158,"93197"
71,"spotify:track:3TQHPUEVdvdq8ejwEcHUlL","Nerd Connection","If I have you only (My love X Nerd Connection)","TOON STUDIO",38,66,91,"92765"
72,"spotify:track:4EwNWRBWdZ6bgvxRHlZ8OO","G-DRAGON","CROOKED","YG Entertainment",24,57,41,"92706"
73,"spotify:track:2CGNAOSuO1MEFCbBRgUzjd","Kendrick Lamar, SZA","luther (with sza)","pgLang, under exclusive license to Interscope Records",3,76,37,"89556"
74,"spotify:track:2tA3NP12r4niSRhb9Y6AoY","Lim Young Woong","Polaroid","물고기뮤직",10,85,142,"88778"
75,"spotify:track:6lAvyeD3Nq43AjyCxZQj54","aespa","Armageddon","SM Entertainment",5,70,63,"86726"
76,"spotify:track:38tXZcL1gZRfbqfOG0VMTH","NewJeans","How Sweet","ADOR",1,75,63,"86417"
77,"spotify:track:5APxbxUDWyUChpgjJ0YQzE","PLAVE","Dash","VLAST",25,74,27,"85775"
78,"spotify:track:3be9ACTxtcL6Zm4vJRUiPG","yung kai","blue","BMG Rights Management (US) LLC",26,78,33,"84940"
79,"spotify:track:66UcQu5LBo2A7AC0A5r0lI","HYUKOH","Wi Ing Wi Ing","DOOROODOOROO ARTIST COMPANY",55,79,58,"84562"
80,"spotify:track:0fK7ie6XwGxQTIkpFoWkd1","JENNIE","like JENNIE","OA Entertainment/Columbia",2,81,22,"84477"
81,"spotify:track:3tbHqU6PKS2bIGWx9cn082","Redoor","Forever Has Always Been","Genie Music Corporation, Stone Music Entertainment",77,104,12,"84146"
82,"spotify:track:2RLdkXSaiQjRbey5pvP8Kt","Lim Young Woong","If We Ever Meet Again","물고기뮤직",5,92,170,"84145"
83,"spotify:track:0GOqhXyouUxqPEw9ypTOLm","G-DRAGON, Anderson .Paak","TOO BAD","Galaxy Corporation / EMPIRE",2,84,24,"83991"
84,"spotify:track:7CkjU55ROZSwb95dzGan0o","Geeks","Officially Missing You","킹핀엔터테인먼트, GRDL",84,102,48,"79555"
85,"spotify:track:5ocSQW5sIUIOFojwXEz9Ki","NewJeans","Supernatural","ADOR",2,86,59,"79081"
86,"spotify:track:6DA7kCWYMggJjqPM84V2Ng","HYUKOH","TOMBOY","DOOROODOOROO ARTIST COMPANY",54,90,62,"78996"
87,"spotify:track:6rdkCkjk6D12xRpdMXy0I2","NewJeans","New Jeans","ADOR",4,96,109,"77701"
88,"spotify:track:2pIUpMhHL6L9Z5lnKxJJr9","NewJeans","Attention","ADOR",1,91,158,"77178"
89,"spotify:track:44hqFxUWsADWewEJELnncj","ENHYPEN","No Doubt","BELIFT LAB",87,140,5,"77100"
90,"spotify:track:0VdwOoAKPe9aGahkpllfkH","BUMJIN","A Letter","JMG(더블엑스엔터테인먼트)",61,103,80,"75239"
91,"spotify:track:5PCOOngROV9jWsUViSy4Ed","j-hope, GloRilla","Killin' It Girl (feat. GloRilla)","BIGHIT MUSIC",8,101,8,"74791"
92,"spotify:track:5Kbpcd3hOqu4ZRAJNAjIcg","PSY, Lena Park","What Would Have Been? (Feat. Lena Park)","YG Entertainment",92,93,15,"74639"
93,"spotify:track:2jidjmWNeRmKgLjXhW52Gz","Lim Young Woong","Our Blues, Our Life","물고기뮤직",12,119,170,"74471"
94,"spotify:track:65FftemJ1DbbZ45DUfHJXE","NewJeans","OMG","ADOR",1,97,136,"74322"
95,"spotify:track:6dOtVTDdiauQNBQEDOtlAB","Billie Eilish","BIRDS OF A FEATHER","Darkroom/Interscope Records",20,99,64,"73953"
96,"spotify:track:18AMT576rBlQFMzUTS7WBa","TWICE","THIS IS FOR","Republic Records - TWICE",42,69,4,"73922"
97,"spotify:track:56v8WEnGzLByGsDAXDiv4d","NewJeans","ETA","ADOR",3,112,107,"73776"
98,"spotify:track:3GG5KPuvG7qokLoKReboHI","Martin Smith","Paint On Spring - Remastering","브이엔터테인먼트",38,89,18,"73506"
99,"spotify:track:2ZTU8atPwouhoQSvxv9aQj","Lee Mujin","Coming Of Age Story","BIGPLANETMADE",88,115,23,"72136"
100,"spotify:track:373fb3tsAbcShtD2RZ8edv","Brown Eyes","벌써 일년","CJ E&M MUSIC",81,100,21,"71878"
101,"spotify:track:5sdQOyqq2IDhvmx2lHOpwd","NewJeans","Super Shy","ADOR",2,113,109,"71868"
102,"spotify:track:2X45nVBeYzmDlrXji9Av0Q","MeloMance","Love, Maybe","FLEX M",11,95,62,"71592"
103,"spotify:track:21LtZQQMQYwVIxc9O9Ygq8","ILLIT","Cherish (My Love)","BELIFT LAB",10,121,42,"70842"
104,"spotify:track:6aJn7Cst74cj4lNIiPRgav","KATSEYE","Touch","HYBE/Geffen",17,108,43,"70703"
105,"spotify:track:2BkTPMr1v6Fr6JJwc4V7R5","TWICE","Strategy (from the Netflix film KPop Demon Hunters)","Republic Records - TWICE",62,87,6,"70699"
106,"spotify:track:18x0Z8JUwLA2LhgsIHbNy3","DAY6","Time of Our Life -Japanese ver.- - Japanese ver.","WM Japan",29,98,141,"70602"
107,"spotify:track:3HIDWyZGwSe5MhrSP890nc","Lim Jae Hyun","Rhapsody of Sadness","DAWN TAPE, IK PRODUCTION",65,122,56,"69862"
108,"spotify:track:3y1Aq9UzyzhMGuVaS8i2oA","Primary, CHOIZA, Zion.T","question mark (Feat. CHOIZA Of Dynamicduo, Zion.T)","Genie Music Corporation, Stone Music Entertainment",108,137,11,"68729"
109,"spotify:track:51pREVFJeAJGvhJ1rYCKZH","ILLIT","jellyous","BELIFT LAB",83,83,4,"68707"
110,"spotify:track:0Q7PMMu2ZDQDF5VjlCOBfc","G-DRAGON","POWER","Galaxy Corporation / EMPIRE",4,124,37,"68656"
111,"spotify:track:3wYDgvDi82GUU1NPy2roYp","The NuTs","사랑의 바보","오감엔터테인먼트",105,105,34,"68190"
112,"spotify:track:3FR2yqZsG07NhXz7uPyUyC","DAY6","You Were Beautiful","Republic Records - DAY6",39,106,133,"68166"
113,"spotify:track:1klePVubVctBqhlKJvibil","BOYNEXTDOOR","I Feel Good","KOZ Entertainment",13,135,12,"67997"
114,"spotify:track:15HNdxGKNCIO9pgaY4n7FU","OFFICIAL HIGE DANDISM","Pretender","PONY CANYON INC.",57,116,60,"67980"
115,"spotify:track:4rMEoXVYww6Xy7q9wSj4gy","Lim Young Woong","Love Always Run Away","MOST CONTENTS",24,144,195,"67755"
116,"spotify:track:1w2hClDL1xH4FPZIipZ1FJ","Yoon Do Hyun","사랑했나봐","Universal Music Ltd.",68,129,107,"67627"
117,"spotify:track:1BxfuPKGuaTgP7aM0Bbdwr","Taylor Swift","Cruel Summer","Taylor Swift",24,130,113,"67328"
118,"spotify:track:4ppKRxity3jJd2hGoVyD4u","Zion.T","No Make Up","Stone Music Entertainment",118,118,18,"66498"
119,"spotify:track:2ryzy7LSXUDFg5G05znHsL","QWER","Dear","TAMAGO PRODUCTION",44,120,9,"66207"
120,"spotify:track:5N5lZWepzoIlr7mFMEacKd","PLAVE","かくれんぼ (Hide and Seek)","Universal Music LLC",33,111,8,"66178"
121,"spotify:track:1YXot2MLAG9sttepCtBRM7","Vaundy","踊り子","SDR Inc.",18,134,83,"66053"
122,"spotify:track:3WvM2dIR9iIxMGNMP7WsNw","HANRORO","Landing in Love","authentic",122,173,5,"64875"
123,"spotify:track:6jl91VgNuRjpwO0MJQw29F","LEE CHANHYUK","Vivid LaLa Love","YG Entertainment",123,190,2,"64848"
124,"spotify:track:19D8LNpWwIPpi6hs9BG7dq","NewJeans","Bubble Gum","ADOR",4,132,63,"64457"
125,"spotify:track:4rRDmXBKB2X2Jnb8yLzAKZ","RIIZE","Fly Up","SM Entertainment/RCA Records",40,160,10,"63925"
126,"spotify:track:29MHN4pjwkSSKsGowRETGW","Lee Mujin","Episode","BIGPLANETMADE",93,152,65,"63449"
127,"spotify:track:50xSycnGMDy0Wg5jJcOv3S","Lim Young Woong","Rainbow","물고기뮤직",11,158,169,"63392"
128,"spotify:track:6IYvOX6K6tbBmj00JRU5Rw","TOMORROW X TOGETHER","Beautiful Strangers","Republic Records - TXT",109,109,2,"63081"
129,"spotify:track:4PBtSN6dNFXA9RUkx5e3W9","Woody","Sadder Than Yesterday","GOLDEN MOON(GDM)",129,153,10,"62874"
130,"spotify:track:1MC8JLPV4fbvVBqvGSLoDf","Jimin","Who (Rock Remix)","BIGHIT MUSIC",13,107,55,"61570"
131,"spotify:track:10I5rhhFoWZDIN3kEc6Dbo","Jimin","Who (Acoustic Remix)","BIGHIT MUSIC",12,110,55,"61446"
132,"spotify:track:0FTmksd2dxiE5e3rWyJXs6","sombr","back to friends","Warner Records",132,188,5,"61356"
133,"spotify:track:2i3HoDE1ZvQ2bh2ZmgpSug","Nerd Connection","Silently Completely Eternally","유어썸머",85,154,25,"61300"
134,"spotify:track:2J194R0KIKbK7bTHfUHPDB","RIIZE","Boom Boom Bass","SM Entertainment/RCA Records",17,143,60,"61290"
135,"spotify:track:19Hg1UCZaCdpHB37L7x63X","The Black Skirts","EVERYTHING","DOGGYRICH FOREVER, BESPOK.",98,159,131,"61196"
136,"spotify:track:6iu311jZAJFLPgoIWgrA72","BIGBANG","BANG BANG BANG","YG Entertainment",22,142,38,"61040"
137,"spotify:track:0bMoNdAnxNR0OuQbGDovrr","LE SSERAFIM","ANTIFRAGILE","SOURCE MUSIC",1,168,105,"61037"
138,"spotify:track:5qu4qjrmG0YvwPNvhfXqqt","PLAVE","Chroma Drift","VLAST",41,133,27,"60641"
139,"spotify:track:4XLfRpryO7Qn0SXp1ARIfj","BOYNEXTDOOR","123-78","KOZ Entertainment",20,145,13,"60437"
140,"spotify:track:075HUD50Nuea3rNaABIsNZ","tuki.","晩餐歌 - Bansanka","月面着陸計画",79,155,61,"60429"
141,"spotify:track:4Cr43xPo7bwyCcL1g3yVCu","Lim Young Woong","A bientot","물고기뮤직",21,166,168,"60416"
142,"spotify:track:3s761CQaziQ0GEN1yUkIsG","Nerd Connection","‎Good Night Good Dream","Your Summer",81,147,149,"60390"
143,"spotify:track:2ZucVHbSVMb3MnDLMn7APE","PLAVE","RIZZ","VLAST",46,136,27,"60170"
144,"spotify:track:4OHq2ao4pXmGq9OOuP3lxb","Primary, Dynamicduo","Johnny","2018 Amoeba Culture",136,151,11,"59852"
145,"spotify:track:29iva9idM6rFCPUlu7Rhxl","Justin Bieber","YUKON","JRC Entertainment, LLC / ILH Production Co. LLC / Def Jam Recordings",88,146,4,"59583"
146,"spotify:track:4JK1kDUdH9RTBQrrSO1QfR","Yuuri","ベテルギウス","Sony Music Labels Inc.",21,167,121,"59580"
147,"spotify:track:4bjNOhOMvqFPflwHIaS7Fw","The Black Skirts","1:05","DOGGYRICH FOREVER, BESPOK.",110,191,17,"59547"
148,"spotify:track:0zXGUUy3TtLH9Oo0FRgbB8","BABYMONSTER","HOT SAUCE","YG Entertainment",51,117,5,"59485"
149,"spotify:track:3cnCdBXTlyBCKYrlHpXbIP","PLAVE","Island","VLAST",52,138,26,"59286"
150,"spotify:track:1ySWoGgrduSzvtJ3PUzO41","Jimin","Who (Shibuyakei Remix)","BIGHIT MUSIC",15,123,55,"59263"
151,"spotify:track:4mqfe9XrgEOSsofvq5MyjR","LEECHANGSUB","Heavenly fate","TOON STUDIO",98,189,67,"58966"
152,"spotify:track:7KZNgri6Jxw88FAfATw6i9","Jimin","Who (Funky Remix)","BIGHIT MUSIC",17,126,54,"58803"
153,"spotify:track:4fQfAP2jEIBID7hg0CZJY8","PLAVE","12:32 (A to T)","VLAST",54,139,26,"58650"
154,"spotify:track:5Xf2cIARIa9gwWf6m4DvME","Car, the garden","Home Sweet Home","DOOROODOOROO ARTIST COMPANY",154,174,15,"58593"
155,"spotify:track:0qkYuCno3SoU8vxkCdx0iJ","SEVENTEEN","THUNDER","PLEDIS Entertainment",18,161,11,"58541"
156,"spotify:track:4SqWKzw0CbA05TGszDgMlc","The Walters","I Love You So","Warner Records",63,178,81,"58532"
157,"spotify:track:1Px44tw80Q4rcCl8FxDGOi","Jimin","Who (Instrumental)","BIGHIT MUSIC",20,125,54,"58381"
158,"spotify:track:2isRbZIIU4PqPrECffn7QO","Jimin","Who (Beautiful Mind Remix)","BIGHIT MUSIC",18,127,54,"58364"
159,"spotify:track:04TshWXkhV1qkqHzf31Hn6","Kenshi Yonezu","Lemon","Sony Music Labels Inc.",25,163,143,"58319"
160,"spotify:track:5eO04wLeM487N9qhPHPPoB","MeloMance","Gift","Mint Paper/Label GHS",150,157,16,"58118"
161,"spotify:track:7csMuPqdOPaFKby0AoRYL5","BUZZ","가시","에이원피플",134,148,19,"58097"
162,"spotify:track:0aZG8KWrpRnsGL0loUkfSj","TWS","plot twist","PLEDIS Entertainment",9,-1,74,"57640"
163,"spotify:track:4sTlQPMyoFMPdhAJvErBN3","ATLXS","PASSO BEM SOLTO - Slowed","broke",122,165,13,"57394"
164,"spotify:track:1MUZitHRpmng5NevrvNx4T","BABYMONSTER","DRIP","YG Entertainment",12,170,40,"57359"
165,"spotify:track:5YqEzk3C5c3UZ1D5fJUlXA","Nicky Youre, hey daisy","Sunroof","Thirty Knots/Columbia",34,180,100,"56957"
166,"spotify:track:3Dah48XTdzVtbIl4dUn6l4","RIIZE","Get A Guitar","SM Entertainment/RCA Records",17,175,98,"56805"
167,"spotify:track:0Tq7v8YAmwdnAYBwyR1pZ4","BOYNEXTDOOR","Earth, Wind & Fire","KOZ Entertainment",27,164,57,"56710"
168,"spotify:track:2kIUILBPlz4exX9xIFS275","ILLIT","Lucky Girl Syndrome","BELIFT LAB",23,171,72,"56655"
169,"spotify:track:5Fhr3wqeieN5WDkAsqL1JJ","j-hope","MONA LISA","BIGHIT MUSIC",19,177,20,"56585"
170,"spotify:track:7qiZfU4dY1lWllzX7mPBI3","Ed Sheeran","Shape of You","Atlantic Records UK",110,172,83,"56537"
171,"spotify:track:0yamqkAFAmpdLNVcmJLSo8","BOOHWAL","Never Ending Story","SM Entertainment",88,149,10,"56490"
172,"spotify:track:39gaUtq2z4ejJbno7tWHbL","QWER","T.B.H","TAMAGO PRODUCTION",11,150,62,"56354"
173,"spotify:track:11s5p72subU7SHJPzyR2Lq","RIIZE","Memories","SM Entertainment/RCA Records",36,169,82,"56347"
174,"spotify:track:3scRk3rUGIwpCg9kMNrtEQ","Baek A","Amor","Baek A",17,-1,128,"56218"
175,"spotify:track:0PBTlQ84CBJF0tBnKGmQa6","V","FRI(END)S","BIGHIT MUSIC",9,62,72,"55985"
176,"spotify:track:33xRp6ZX1DKraRFHR9ZDck","Choi Yu Ree","Forest","쇼파르엔터테인먼트",161,-1,23,"55900"
177,"spotify:track:4iJprGt1rt5iy0sxXXaRWn","D-Hack, PATEKO","OHAYO MY NIGHT","NEOKIDZ",16,-1,72,"55660"
178,"spotify:track:1osW08ygBwopWmjWzqWbfJ","Yerin Baek","Antifreeze","Blue Vinyl",11,197,42,"55190"
179,"spotify:track:0SPZ7y0fJiozsuWLSAocOl","Dynamicduo","Guilty","Genie Music Corporation, Stone Music Entertainment",172,194,9,"55091"
180,"spotify:track:13z3GfR6WzmLUDxBHO3amM","DAY6","Congratulations","Republic Records - DAY6",56,156,56,"55061"
181,"spotify:track:5LCxeObb3oj4m2lUCm0OJW","COOL","애상","COOL",174,181,4,"54748"
182,"spotify:track:4ZxOuNHhpyOj4gv52MtQpT","BLACKPINK","As If It's Your Last","YG Entertainment",117,162,32,"54706"
183,"spotify:track:3vIkVVbhpMvsOJ1BKWT0nT","G-DRAGON","TAKE ME","Galaxy Corporation / EMPIRE",19,-1,13,"54545"
184,"spotify:track:0QzuaeCEEOV40Pn7IvKEny","Dhruv","double take","Little Worry/RCA Records",42,184,216,"54527"
185,"spotify:track:5voKDnuTGXBnIZbAqWnb8R","TOMORROW X TOGETHER","Ghost Girl","Republic Records - TXT",128,128,2,"54394"
186,"spotify:track:50kpGaPAhYJ3sGmk6vplg0","Justin Bieber","Love Yourself","RBMG/Def Jam",79,176,215,"54364"
187,"spotify:track:30tYWTkLIQtZWnRIOqcHnJ","Car, the garden","나무","Kakao Entertainment",114,-1,25,"54163"
188,"spotify:track:6z1kLsntE7FuzKZHZWrXYN","DEAN","instagram","Universal Music Ltd.",70,-1,140,"54149"
189,"spotify:track:11fB0pRXSdxOgoM8ity2D4","Leellamarz, Hannah","Trip","Genie Music Corporation, Stone Music Entertainment",111,179,24,"54137"
190,"spotify:track:3qHBjPdFZeS0tfXywAxOKq","BIGBANG","Sunset Glow","YG Entertainment",59,182,33,"53755"
191,"spotify:track:2lsRp40mCRkhqULWdMbOzn","Lim Young Woong","I Love You","물고기뮤직",15,-1,167,"53617"
192,"spotify:track:0eFMbKCRw8KByXyWBw8WO7","Jung Kook","Still With You","BIGHIT MUSIC",8,185,65,"53062"
193,"spotify:track:4cGxjripxGYy1VrC9gzmlF","HOZIHO, Choi Sung Ho","Don't Cry","HOZIHOMUSIC",113,-1,53,"52781"
194,"spotify:track:27zrFrtUtWl2urlvjOn5xc","Loco, Punch","Say Yes","Genie Music Corporation",130,186,13,"52582"
195,"spotify:track:1lTqq0aC6r2bXLviQ3oaVt","Tyler, The Creator","Ring Ring Ring","Columbia",94,94,3,"52524"
196,"spotify:track:6je5cTal6PyeITNrOzkCoS","DAY6","Welcome to the Show","Republic Records - DAY6",24,193,73,"52048"
197,"spotify:track:4qdBPJta3BVPXCS0wJZ6yO","HANRORO","Let Me Love My Youth","authentic",174,-1,3,"52045"
198,"spotify:track:4gxEY3Mh5FZZDAJAKPNrCS","LE SSERAFIM","CRAZY","SOURCE MUSIC",4,195,46,"52022"
199,"spotify:track:2nR5PWtpraC5cBZZ904oQr","HUNTR/X, EJAE, AUDREY NUNA, REI AMI, KPop Demon Hunters Cast, David Guetta","Golden - David Guetta REM/X","K-Pop Demon Hunters",199,-1,1,"51927"
200,"spotify:track:5tEouf2s1SPwAIkOHnvWtQ","Beenzino","Aqua Man","Stone Music Entertainment",200,-1,1,"51849"
